Date,Open,High,Low,Close
2016-10-3,118,119.010002,117.43,118.809998
2016-10-4,118.839996,119.480003,118.279999,118.82
2016-10-5,119.220001,119.440002,118.599998,119.18
2016-10-6,118.5,118.849998,117.919998,118.75
2016-10-7,119.169998,119.57,118.690002,119.239998
2016-10-10,119.510002,120.199997,119.349998,119.800003
2016-10-11,119.410004,119.629997,117.059998,117.639999
2016-10-12,117.959999,118.43,117.5,117.970001
2016-10-13,117.540001,119.199997,117.279999,118.260002
2016-10-14,118.5,118.800003,117.559998,117.559998
2016-10-17,117.5,118.550003,117.5,118.489998
2016-10-18,117.379997,118.480003,115.160004,115.410004
2016-10-19,115.57,115.889999,114.459999,114.589996
2016-10-20,114.830002,115.699997,114.589996,114.870003
2016-10-21,114.110001,114.239998,112.989998,113.440002
2016-10-24,113.93,114.190002,113.440002,113.610001
2016-10-25,113.639999,114.160004,113.089996,113.959999
2016-10-26,113.639999,115.220001,113.599998,114.559998
2016-10-27,114.980003,116.550003,114.790001,115.699997
2016-10-28,115.82,115.910004,114.57,115.330002
2016-10-31,115.279999,116.230003,114.5,115.989998
2016-11-1,114.760002,115.940002,114.629997,115.339996
2016-11-2,115.519997,115.760002,114.830002,114.860001
2016-11-3,114.879997,115.440002,114.75,115.029999
2016-11-4,115.040001,115.940002,115.040001,115.110001
2016-11-7,115.889999,116.720001,115.839996,116.660004
2016-11-8,116.480003,117.57,116.470001,117.050003
2016-11-9,120,122.5,118.099998,120.309998
2016-11-10,120.769997,121.099998,119.019997,119.540001
2016-11-11,119.489998,119.489998,118.129997,118.470001
2016-11-14,118.580002,118.989998,116.5,116.599998
2016-11-15,116.400002,116.690002,115.82,116.32
2016-11-16,116.650002,116.779999,116.080002,116.360001
2016-11-17,116.68,116.68,116.120003,116.57
2016-11-18,115.790001,115.919998,114.809998,115.360001
2016-11-21,115.440002,115.68,114.800003,115
2016-11-22,114.589996,115,112.269997,112.739998
2016-11-23,112.25,113.43,111.559998,113.07
2016-11-25,113.599998,114.230003,113.379997,114.129997
2016-11-28,113.790001,114.120003,113.050003,113.129997
2016-11-29,112.949997,113.410004,112.169998,112.480003
2016-11-30,112.190002,112.519997,111.300003,111.300003
2016-12-1,111.360001,111.540001,111,111.379997
2016-12-2,111.720001,112.529999,111.440002,111.959999
2016-12-5,112.400002,112.419998,111.730003,111.940002
2016-12-6,112.239998,113.199997,111.849998,112.059998
2016-12-7,111.889999,111.889999,109.32,111.099998
2016-12-8,110.540001,111.199997,109.93,110.989998
2016-12-9,111.410004,112.43,111.199997,112.260002
2016-12-12,112.690002,115.400002,112.580002,115.360001
2016-12-13,115.529999,115.970001,115.010002,115.889999
2016-12-14,116.120003,117.300003,114.580002,114.989998
2016-12-15,115.330002,115.919998,114.889999,115.889999
2016-12-16,116.410004,116.459999,115.459999,115.879997
2016-12-19,116.07,116.660004,115.940002,116.019997
2016-12-20,115.980003,116.25,114.910004,115.660004
2016-12-21,116.199997,116.199997,114.739998,115.309998
2016-12-22,115,115.529999,113.879997,115.440002
2016-12-23,115.400002,116.32,115.300003,115.959999
2016-12-27,115.889999,116,115.379997,115.910004
2016-12-28,115.879997,116.160004,115.050003,115.099998
2016-12-29,115.230003,115.870003,115.010002,115.489998
2016-12-30,115.800003,115.989998,114.980003,115.209999
2017-1-3,115.779999,116,115.230003,115.839996
2017-1-4,115.5,116.230003,115.309998,115.650002
2017-1-5,116,116.970001,115.440002,116.860001
2017-1-6,116.669998,117,115.760002,116.300003
2017-1-9,116.349998,116.610001,115.889999,116.279999
2017-1-10,116.029999,117,115.870003,116.160004
2017-1-11,116.080002,116.25,114.019997,114.730003
2017-1-12,114.269997,114.730003,113.370003,114.620003
2017-1-13,114.940002,115.019997,114.440002,114.599998
2017-1-17,113.940002,115.050003,113.669998,114.870003
2017-1-18,114.870003,115.099998,114.410004,114.699997
2017-1-19,114.68,114.900002,113.919998,114.199997
2017-1-20,114.489998,115.029999,114.080002,114.150002
2017-1-23,114.510002,114.769997,113.800003,113.910004
2017-1-24,112.910004,113.300003,111.150002,111.760002
2017-1-25,111.93,112.800003,110.760002,112.800003
2017-1-26,112,112.839996,111.599998,111.839996
2017-1-27,112,113.540001,111.900002,113.379997
2017-1-30,113.400002,113.599998,112.849998,113.129997
2017-1-31,112.790001,113.400002,112.43,113.25
2017-2-1,112.480003,113.32,112.470001,113.230003
2017-2-2,112.82,113.620003,112.769997,113.57
2017-2-3,113.5,113.660004,112.660004,113.639999
2017-2-6,113.459999,113.589996,112.620003,113.400002
2017-2-7,113.599998,113.620003,113.050003,113.480003
2017-2-8,113.300003,113.690002,113.150002,113.400002
2017-2-9,113.400002,114.650002,113.400002,114.080002
2017-2-10,114.32,115.989998,114.230003,115.239998
2017-2-13,115.279999,116.120003,115.220001,115.879997
2017-2-14,115.440002,116.400002,115.32,116.360001
2017-2-15,115.900002,117.459999,115.589996,117.199997
2017-2-16,117,118.279999,117,118.080002
2017-2-17,118.190002,118.900002,118.050003,118.860001
2017-2-21,118.400002,119.889999,118.32,119.660004
2017-2-22,119.279999,119.769997,119.25,119.519997
2017-2-23,119.519997,121.900002,119.480003,121.699997
2017-2-24,121.5,122.739998,120.900002,122.730003
2017-2-27,122.129997,122.879997,122.099998,122.400002
2017-2-28,122.010002,122.650002,121.940002,122.209999
2017-3-1,122.489998,124.449997,122.419998,123.860001
2017-3-2,123.75,124.360001,123.019997,123.629997
2017-3-3,123.629997,123.93,123.230003,123.790001
2017-3-6,123.010002,124.43,122.599998,123.709999
2017-3-7,122.580002,124.459999,122.389999,123.830002
2017-3-8,123.75,124.68,123.5,124.099998
2017-3-9,124.580002,126.209999,124.169998,125.949997
2017-3-10,126.040001,126.489998,125.540001,126.209999
2017-3-13,125.830002,126.949997,125.790001,126.68
2017-3-14,126.860001,127.75,126.769997,127.050003
2017-3-15,127.050003,129,126.599998,128.960007
2017-3-16,128.440002,128.699997,127.769997,128.460007
2017-3-17,128.449997,128.940002,127.949997,128.059998
2017-3-20,128.039993,128.419998,127.970001,128.070007
2017-3-21,128.380005,128.449997,127.139999,127.25
2017-3-22,127.050003,127.650002,126.209999,126.260002
2017-3-23,126.099998,127,125.660004,125.900002
2017-3-24,125.860001,126.360001,125.129997,125.480003
2017-3-27,125.160004,126.139999,125.150002,125.800003
2017-3-28,125.620003,125.779999,124.779999,125.660004
2017-3-29,125.050003,125.330002,124.360001,124.919998
2017-3-30,124.739998,125.43,124.279999,124.660004
2017-3-31,124.110001,124.830002,124.029999,124.550003
2017-4-3,124.730003,125.309998,124.279999,124.690002
2017-4-4,124.510002,124.769997,124.220001,124.68
2017-4-5,124.720001,125.599998,124.410004,124.800003
2017-4-6,124.849998,125.459999,124.5,125.050003
2017-4-7,125.120003,125.470001,124.830002,124.919998
2017-4-10,124.870003,124.949997,124.230003,124.339996
2017-4-11,124.260002,124.790001,123.949997,124.220001
2017-4-12,124.540001,125.459999,124.360001,125.400002
2017-4-13,125.129997,125.650002,124.959999,124.989998
2017-4-17,125.019997,125.809998,124.93,125.720001
2017-4-18,123.18,123.370003,120.949997,121.82
2017-4-19,122.099998,122.279999,121.110001,121.370003
2017-4-20,121.860001,122.150002,121.349998,121.870003
2017-4-21,121.779999,122.040001,121.540001,121.760002
2017-4-24,122.519997,123.209999,122.150002,122.889999
2017-4-25,123.339996,123.75,123.010002,123.43
2017-4-26,123.790001,124.260002,123.480003,123.510002
2017-4-27,123.580002,124.309998,123.400002,123.739998
2017-4-28,123.849998,123.900002,123.129997,123.470001
2017-5-1,123.400002,123.779999,123,123.339996
2017-5-2,123.519997,123.739998,122.889999,123.699997
2017-5-3,123.589996,123.699997,123.040001,123.330002
2017-5-4,123.690002,123.949997,123.230003,123.949997
2017-5-5,123.800003,123.800003,122.860001,123.510002
2017-5-8,123.529999,123.800003,123.019997,123.25
2017-5-9,123.230003,123.470001,122.879997,123.209999
2017-5-10,122.910004,123.059998,122.379997,122.809998
2017-5-11,122.5,123.209999,122.339996,123.199997
2017-5-12,123.110001,124.099998,123.010002,123.639999
2017-5-15,124.410004,127.360001,124.330002,126.989998
2017-5-16,127.339996,128.369995,127.059998,127.769997
2017-5-17,127.769997,127.889999,126.449997,126.669998
2017-5-18,126.459999,127.870003,125.959999,126.970001
2017-5-19,127.029999,127.389999,126.440002,127
2017-5-22,126.629997,127.650002,126.629997,127.260002
2017-5-23,127.309998,128.149994,127.309998,127.519997
2017-5-24,127.790001,128,127.290001,127.510002
2017-5-25,126.739998,127.620003,126.330002,127.529999
2017-5-26,127.230003,127.669998,126.830002,126.919998
2017-5-30,126.699997,127.389999,126.190002,127.110001
2017-5-31,127.349998,128.800003,127.349998,128.25
2017-6-1,128.320007,128.779999,128.119995,128.779999
2017-6-2,129.050003,130.139999,128.830002,130.080002
2017-6-5,129.970001,130.520004,129.800003,130.360001
2017-6-6,130.179993,131.330002,130.029999,130.830002
2017-6-7,131,131.479996,130.580002,130.75
2017-6-8,130.75,131.399994,129.960007,130.550003
2017-6-9,130.369995,131.699997,130.309998,131.529999
2017-6-12,131.529999,131.830002,131.419998,131.820007
2017-6-13,131.75,132.729996,131.399994,132.020004
2017-6-14,132.509995,133.559998,132.509995,132.770004
2017-6-15,132,133.350006,131.809998,133.039993
2017-6-16,133.720001,134.600006,133.039993,134.350006
2017-6-19,134.149994,134.679993,133.490005,134.070007
2017-6-20,133.899994,134.759995,133.899994,134.220001
2017-6-21,134.289993,135.110001,134.020004,134.910004
2017-6-22,135.449997,137,135.270004,136.050003
2017-6-23,135.449997,136.509995,135.320007,136.429993
2017-6-26,136.479996,136.899994,136.199997,136.339996
2017-6-27,136.5,136.729996,134.990005,135.009995
2017-6-28,135.949997,136.199997,133.570007,133.820007
2017-6-29,133.399994,133.729996,132.309998,132.639999
2017-6-30,132.699997,133.199997,132.279999,132.289993
2017-7-3,132.789993,133.320007,132.649994,132.899994
2017-7-5,132.979996,134.059998,132.419998,133.639999
2017-7-6,133.610001,133.970001,132.410004,132.520004
2017-7-7,132.910004,133,131.690002,132.539993
2017-7-10,132.740005,132.869995,131.229996,131.550003
2017-7-11,131.429993,131.789993,130.479996,131.229996
2017-7-12,132.039993,132.889999,131.770004,132.229996
2017-7-13,132.100006,132.220001,130.990005,131.860001
2017-7-14,132,133,131.740005,132.600006
2017-7-17,132.710007,132.929993,131.75,132.149994
2017-7-18,131.619995,134.949997,131.080002,134.460007
2017-7-19,134.839996,135.410004,134.520004,135.210007
2017-7-20,135.729996,137.080002,135.619995,136.570007
2017-7-21,135.330002,136.270004,135.100006,135.309998
2017-7-24,134.990005,135.160004,132.850006,133.009995
2017-7-25,133.740005,133.850006,131.449997,131.880005
2017-7-26,131.660004,132.240005,130.75,130.949997
2017-7-27,130.850006,131.149994,129.570007,130.830002
2017-7-28,131.139999,131.990005,130.520004,131.850006
2017-7-31,132.139999,133.580002,132.100006,132.720001
2017-8-1,133.169998,133.350006,132.279999,132.509995
2017-8-2,132.080002,132.5,131.5,132.160004
2017-8-3,131.910004,133.399994,131.509995,133.350006
2017-8-4,133.740005,134.009995,132.800003,133.179993
2017-8-7,133.089996,133.479996,132.509995,132.860001
2017-8-8,132.5,132.800003,131.399994,132.270004
2017-8-9,132.809998,133.410004,132.369995,133.229996
2017-8-10,133.039993,133.850006,132.369995,133.089996
2017-8-11,133.639999,134.490005,132.75,133.100006
2017-8-14,134.199997,134.369995,132.869995,133.479996
2017-8-15,133.850006,133.940002,133.199997,133.380005
2017-8-16,134.080002,134.970001,133.860001,134.169998
2017-8-17,134.179993,134.740005,133.029999,133.039993
2017-8-18,132.669998,133.779999,132.380005,132.630005
2017-8-21,132.279999,133.649994,132.190002,133.449997
2017-8-22,133.270004,134.789993,132.899994,134.699997
2017-8-23,134.429993,134.490005,132.649994,132.800003
2017-8-24,132.820007,133.080002,132.270004,132.889999
2017-8-25,131.910004,132.559998,131.619995,131.679993
2017-8-28,131.679993,132.119995,131.490005,131.740005
2017-8-29,131.570007,132.449997,131.300003,132.210007
2017-8-30,132,132,130.899994,131.070007
2017-8-31,131.389999,132.5,131.25,132.369995
2017-9-1,132.600006,132.649994,130.940002,131.029999
2017-9-5,130.720001,131.179993,129.720001,129.899994
2017-9-6,130.539993,131,130.210007,130.669998
2017-9-7,130.860001,132.520004,130.25,132.190002
2017-9-8,132,132.339996,130.869995,130.979996
2017-9-11,131.369995,133.339996,131.020004,133.210007
2017-9-12,133.830002,133.880005,131.929993,132.630005
2017-9-13,132.669998,133.75,131.850006,132.449997
2017-9-14,132.139999,134.470001,131.990005,134.179993
2017-9-15,134.789993,135.449997,134.179993,134.449997
2017-9-18,134.440002,135.770004,134.110001,135.380005
2017-9-19,135.020004,135.789993,134.350006,135.220001
2017-9-20,133.25,134.289993,132.339996,133.220001
2017-9-21,133.309998,133.820007,131.380005,131.75
2017-9-22,131.990005,132.389999,131.270004,131.389999
2017-9-25,131.470001,131.759995,130.830002,131.169998
2017-9-26,131.5,131.940002,130.820007,130.940002
2017-9-27,131,131.089996,129.429993,129.75
2017-9-28,129.910004,130.270004,129.289993,129.470001
2017-9-29,129.580002,130.470001,129.050003,130.009995
2017-10-2,130.160004,131.330002,130.020004,131.220001
2017-10-3,131.649994,132.399994,131.360001,132.100006
2017-10-4,132.399994,133.179993,132.100006,132.889999
2017-10-5,132.889999,133.309998,132.360001,133.190002
2017-10-6,133,133.25,132.479996,133.220001
2017-10-9,133.660004,133.820007,133.169998,133.449997
2017-10-10,133.559998,134.130005,132.919998,133.899994
2017-10-11,134.880005,137.080002,134.369995,136.649994
2017-10-12,136.339996,137.520004,136.020004,136.830002
2017-10-13,136.600006,137.419998,136.339996,136.429993
2017-10-16,136.449997,137.259995,135.539993,136.119995
2017-10-17,137.669998,141.119995,137.059998,140.789993
2017-10-18,140.789993,141.580002,140.070007,140.679993
2017-10-19,140.710007,142.979996,140.539993,142.039993
2017-10-20,142.380005,143.619995,141.830002,142.399994
2017-10-23,142.130005,144.350006,142.080002,143.619995
2017-10-24,143.380005,143.380005,140.929993,141.639999
2017-10-25,141.160004,143.229996,140.960007,142.360001
2017-10-26,142.509995,143.75,141.380005,141.809998
2017-10-27,141,142.699997,140.199997,141.779999
2017-10-30,141.080002,141.210007,139.320007,140
2017-10-31,140.020004,140.259995,138.979996,139.410004
2017-11-1,139.830002,140.589996,139.339996,139.979996
2017-11-2,140.110001,140.289993,139.110001,139.929993
2017-11-3,139.729996,140.399994,139.300003,140.080002
2017-11-6,140.009995,140.490005,139.720001,139.759995
2017-11-7,140.080002,140.149994,138.910004,139.770004
2017-11-8,139.699997,141.869995,139.460007,141.320007
2017-11-9,140.860001,141.410004,139.800003,140.350006
2017-11-10,140.130005,140.130005,138.610001,139.559998
2017-11-13,139.009995,140.020004,138.419998,139.759995
2017-11-14,139.570007,140.279999,138.919998,139.490005
2017-11-15,139.229996,139.830002,138.75,139.100006
2017-11-16,139.419998,139.679993,138.639999,138.869995
2017-11-17,138.300003,138.860001,137.889999,138
2017-11-20,138.149994,138.559998,137.740005,137.929993
2017-11-21,138.449997,139.259995,138.190002,138.339996
2017-11-22,138.300003,138.380005,136.600006,137.289993
2017-11-24,137.5,138.380005,137.309998,138.009995
2017-11-27,137.509995,138.309998,137.479996,138.100006
2017-11-28,138.300003,140.529999,138.25,140.020004
2017-11-29,140.220001,140.630005,138.949997,139.809998
2017-11-30,140.059998,140.279999,138.479996,139.330002
2017-12-1,139.570007,140.529999,138.600006,139.979996
2017-12-4,140.619995,141.5,138.929993,139.009995
2017-12-5,139.789993,140.809998,139.199997,139.669998
2017-12-6,140.839996,141.960007,140.190002,141.059998
2017-12-7,140.009995,141.5,139.259995,140.009995
2017-12-8,140,140.759995,139.800003,140.589996
2017-12-11,140.899994,141.169998,139.830002,141.139999
2017-12-12,142.600006,143.570007,142.039993,142.600006
2017-12-13,142.5,143.429993,142.210007,142.889999
2017-12-14,143.520004,143.619995,141.610001,141.649994
2017-12-15,142.479996,143.139999,141.779999,142.460007
2017-12-18,142.559998,143.800003,141.399994,141.800003
2017-12-19,141.889999,142.380005,141.360001,141.779999
2017-12-20,142.259995,142.580002,141.080002,141.160004
2017-12-21,141.589996,142.169998,141.020004,141.059998
2017-12-22,141,141.350006,140.039993,140.119995
2017-12-26,140.460007,140.539993,139.679993,140.089996
2017-12-27,140.419998,141.149994,140.199997,140.570007
2017-12-28,140.699997,141,140.330002,140.559998
2017-12-29,140.979996,141.210007,139.580002,139.720001
2018-1-2,139.660004,139.949997,138.720001,139.229996
2018-1-3,139.360001,140.679993,138.899994,140.559998
2018-1-4,140.449997,141.139999,140.220001,140.550003
2018-1-5,140.690002,141.820007,140.279999,141.710007
2018-1-8,141.699997,142,140.919998,141.889999
2018-1-9,142.369995,145.679993,142.259995,144.139999
2018-1-10,143.550003,144.160004,143.320007,143.970001
2018-1-11,144.130005,144.899994,143.690002,144.789993
2018-1-12,144.990005,146.419998,144.899994,145.759995
2018-1-16,146.419998,148.059998,146.029999,146.860001
2018-1-17,147.839996,148.320007,145.479996,146.979996
2018-1-18,146.929993,147.440002,145.970001,146.919998
2018-1-19,147.460007,147.649994,146.419998,147.360001
2018-1-22,147.009995,148.139999,146.720001,148.139999
2018-1-23,146.960007,147.440002,141.619995,141.830002
2018-1-24,143.5,143.559998,141.800003,142.070007
2018-1-25,142.309998,144.660004,142.210007,144.399994
2018-1-26,144.5,145.600006,144.130005,145.330002
2018-1-29,144.850006,144.940002,143.529999,143.679993
2018-1-30,143.399994,143.820007,142.429993,142.429993
2018-1-31,142.570007,142.570007,138.100006,138.190002
2018-2-1,137.529999,140.669998,137,140.020004
2018-2-2,139.020004,140.360001,137.380005,137.679993
2018-2-5,136.580002,137,122.150002,130.389999
2018-2-6,130.009995,132.990005,128,131.830002
2018-2-7,131.889999,133.429993,131.350006,131.419998
2018-2-8,130.910004,131.25,126.110001,126.360001
2018-2-9,127.519997,130.919998,125.440002,129.529999
2018-2-12,130,131.320007,127.68,130.270004
2018-2-13,129.210007,130.600006,128.699997,129.960007
2018-2-14,129.440002,130.009995,128.389999,129.669998
2018-2-15,130.100006,131.279999,129.399994,131.229996
2018-2-16,130.960007,134.449997,130.839996,133.149994
2018-2-20,132.869995,133.449997,130.660004,130.869995
2018-2-21,130.800003,132.429993,129.860001,129.910004
2018-2-22,130.100006,131.020004,129.479996,129.910004
2018-2-23,130.089996,132.080002,130.020004,132.020004
2018-2-26,131.710007,133.410004,131,132.070007
2018-2-27,132.210007,133.089996,131.600006,131.669998
2018-2-28,131.949997,132.330002,129.869995,129.880005
2018-3-1,129.110001,130.119995,126.519997,127.279999
2018-3-2,126.910004,129.110001,126.910004,128.820007
2018-3-5,128.630005,130.300003,128.179993,129.789993
2018-3-6,130,130.199997,127.919998,128.220001
2018-3-7,127.480003,129.330002,127.269997,129.039993
2018-3-8,129.330002,132.300003,129.330002,132.059998
2018-3-9,132.509995,133.820007,131.559998,133.800003
2018-3-12,133.800003,134.229996,132.320007,132.630005
2018-3-13,133.800003,135.389999,133.449997,134.350006
2018-3-14,135.240005,135.699997,131.899994,132.320007
2018-3-15,132.550003,134.240005,132.470001,133.059998
2018-3-16,133.160004,134.399994,132.100006,133.679993
2018-3-19,133.350006,133.470001,129.360001,130.240005
2018-3-20,130.779999,131.779999,129.380005,131.210007
2018-3-21,131.399994,132.779999,130.660004,131.190002
2018-3-22,130.470001,130.679993,127.099998,127.379997
2018-3-23,127.629997,127.800003,124.900002,125.099998
2018-3-26,126.410004,127.540001,125.209999,127.389999
2018-3-27,127.110001,129.100006,126.389999,127.209999
2018-3-28,127.629997,129.020004,127.209999,127.449997
2018-3-29,127.970001,128.759995,126.82,128.149994
2018-4-2,127.82,127.879997,123.540001,124.559998
2018-4-3,125.18,128.490005,124.68,128.350006
2018-4-4,126.900002,131.119995,126.389999,130.410004
2018-4-5,130.410004,131.199997,129.5,130.710007
2018-4-6,130.220001,130.639999,126.410004,128.100006
2018-4-9,128.649994,131.139999,127.68,129.479996
2018-4-10,130.25,130.910004,129.289993,130.25
2018-4-11,129.139999,130.350006,129.029999,129.630005
2018-4-12,130.089996,131.309998,129.860001,130.429993
2018-4-13,131.089996,131.419998,129.630005,130.619995
2018-4-16,131.410004,132.880005,131.279999,131.759995
2018-4-17,132.110001,132.199997,128.809998,130.539993
2018-4-18,129.690002,129.899994,126.940002,127.720001
2018-4-19,127.629997,128.270004,126.889999,127.550003
2018-4-20,128,128.300003,126.169998,126.660004
2018-4-23,126.879997,127.300003,125.779999,126.830002
2018-4-24,126.940002,127.459999,125.309998,126.190002
2018-4-25,125.910004,126.849998,125.279999,126.760002
2018-4-26,126.620003,129.220001,126.620003,128.009995
2018-4-27,127.730003,128.789993,127.5,128.270004
2018-4-30,128.860001,128.979996,126.489998,126.489998
2018-5-1,126.32,126.639999,124.970001,126.010002
2018-5-2,125.519997,126.18,123.199997,123.5
2018-5-3,123.300003,123.690002,121.279999,123.029999
2018-5-4,122.599998,124.510002,121.800003,124.190002
2018-5-7,124.139999,125.239998,123.32,123.589996
2018-5-8,122.860001,123.489998,121.690002,122.610001
2018-5-9,122.989998,124.050003,122.529999,123.510002
2018-5-10,124.220001,126.050003,124,125.349998
2018-5-11,125.769997,127.599998,125.760002,127.239998
2018-5-14,127.349998,127.610001,125.599998,126.059998
2018-5-15,125.540001,125.830002,124.400002,125.129997
2018-5-16,125.440002,125.900002,125,125.349998
2018-5-17,125.489998,125.589996,123.550003,123.849998
2018-5-18,123.779999,124.440002,123.279999,124.239998
2018-5-21,124.620003,124.989998,123.32,123.720001
2018-5-22,123.800003,124.239998,122.760002,122.910004
2018-5-23,122.870003,123.970001,122.739998,123.449997
2018-5-24,123.220001,123.389999,121.550003,122.25
2018-5-25,121.559998,122.800003,121.129997,121.470001
2018-5-29,120.5,120.800003,118.620003,119.400002
2018-5-30,120.120003,121.580002,119.540001,120.970001
2018-5-31,120.919998,121.25,119.540001,119.620003
2018-6-1,120.379997,121.32,119.970001,121.260002
2018-6-4,121.849998,122.370003,121.019997,121.949997
2018-6-5,122.050003,122.559998,120.900002,121.480003
2018-6-6,121.970001,122.790001,121.459999,122.790001
2018-6-7,123,123.489998,122.269997,123.330002
2018-6-8,123.360001,124.849998,123.330002,124.059998
2018-6-11,124.269997,124.339996,122.550003,122.660004
2018-6-12,123.160004,123.18,121.949997,122.540001
2018-6-13,123.150002,124.089996,122.459999,122.629997
2018-6-14,122.709999,123.150002,122.089996,122.410004
2018-6-15,122.099998,122.730003,121.239998,122.610001
2018-6-18,121.610001,121.809998,120.25,121.32
2018-6-19,120.660004,123.169998,120.57,122.57
2018-6-20,122.419998,122.660004,121.660004,122.040001
2018-6-21,121.830002,122.239998,121.110001,121.449997
2018-6-22,121.68,123.379997,121.650002,122.839996
2018-6-25,122.82,123.43,121.510002,122.589996
2018-6-26,122.489998,122.889999,121.599998,122.349998
2018-6-27,122.129997,122.970001,121.449997,121.610001
2018-6-28,121.779999,122.410004,121.07,122
2018-6-29,122.239998,123.18,121.190002,121.339996
2018-7-2,121.339996,121.730003,120.110001,121.580002
2018-7-3,121.650002,123.459999,121.260002,122.709999
2018-7-5,123.599998,125.120003,123.230003,125
2018-7-6,125.160004,125.919998,124.610001,125.75
2018-7-9,126.220001,126.75,125.599998,126.050003
2018-7-10,126.370003,127.519997,126.110001,127.379997
2018-7-11,127.410004,127.440002,126.059998,126.239998
2018-7-12,127.709999,128.210007,127.169998,127.760002
2018-7-13,125.32,127.5,125.32,125.93
2018-7-16,126,126.099998,124.160004,124.690002
2018-7-17,128.529999,130.539993,127.559998,129.110001
2018-7-18,128.809998,129.050003,127.169998,127.800003
2018-7-19,127.529999,127.699997,125.870003,125.940002
2018-7-20,125.300003,126.139999,125.120003,125.849998
2018-7-23,125.75,126.68,125.449997,126.629997
2018-7-24,127.239998,129.619995,127.150002,129.360001
2018-7-25,129.139999,129.229996,127.650002,128.619995
2018-7-26,129.899994,131.220001,129.850006,130.279999
2018-7-27,129.979996,132.270004,129.940002,131.550003
2018-7-30,131.779999,132.490005,131.25,132.169998
2018-7-31,132.279999,132.639999,131.770004,132.520004
2018-8-1,132.389999,132.960007,132.080002,132.639999
2018-8-2,132.889999,133,131.089996,131.25
2018-8-3,131.179993,132.699997,130.899994,131.949997
2018-8-6,131.639999,132.529999,131.009995,132.020004
2018-8-7,131.880005,132.169998,131.300003,131.460007
2018-8-8,131.490005,131.800003,130.889999,131.169998
2018-8-9,131.539993,131.720001,130.669998,131.199997
2018-8-10,131.190002,131.630005,130.259995,130.75
2018-8-13,130.720001,130.899994,129.850006,130.220001
2018-8-14,129.669998,130.470001,129.350006,129.5
2018-8-15,129.75,130.740005,128.929993,130.429993
2018-8-16,131.020004,132.880005,130.570007,132.479996
2018-8-17,132.449997,135,132.190002,134.470001
2018-8-20,134.929993,137.119995,134,136.880005
2018-8-21,137,137.429993,135.300003,135.350006
2018-8-22,135.559998,135.679993,134.419998,134.610001
2018-8-23,134.610001,135.490005,134.100006,135.110001
2018-8-24,135.110001,136.149994,134.830002,135.949997
2018-8-27,135.5,136.050003,134.210007,134.919998
2018-8-28,134.779999,134.899994,133.889999,134.320007
2018-8-29,134.320007,134.940002,133.940002,134.860001
2018-8-30,134.699997,135.600006,134.600006,134.949997
2018-8-31,134.600006,135,133.970001,134.690002
2018-9-4,134.690002,134.75,133.440002,133.720001
2018-9-5,133.479996,135.940002,133.460007,135.860001
2018-9-6,135.5,137.309998,135.179993,136.869995
2018-9-7,136.779999,137.690002,135.75,137.320007
2018-9-10,137.529999,138.470001,137.059998,137.210007
2018-9-11,137.639999,138.910004,137.220001,138.509995
2018-9-12,138.899994,139.990005,138.559998,139.360001
2018-9-13,139.889999,140.479996,139.020004,139.889999
2018-9-14,140,140.350006,139.100006,139.490005
2018-9-17,139.330002,140.399994,139.179993,139.960007
2018-9-18,140.270004,140.839996,139.830002,140.539993
2018-9-19,140.759995,140.990005,140.050003,140.460007
2018-9-20,140.820007,142.139999,140.509995,141.979996
2018-9-21,142.179993,143.130005,141.690002,142.880005
2018-9-24,142.100006,142.5,140.229996,140.470001
2018-9-25,140.529999,140.960007,138.399994,138.639999
2018-9-26,138.949997,140,137.960007,138.160004
2018-9-27,138.449997,139.580002,137.570007,138.220001
2018-9-28,138.100006,138.559998,137.410004,138.169998
2018-10-1,138.259995,139.850006,138,139.690002
2018-10-2,139.789993,140.729996,139.649994,140.479996
2018-10-3,140.539993,141.270004,138.880005,139.029999
2018-10-4,138.550003,139.529999,137.320007,139.350006
2018-10-5,139.800003,140.25,138.559998,139.100006
2018-10-8,138.899994,139.679993,138.619995,139.389999
2018-10-9,138.740005,139.619995,137.809998,139.199997
2018-10-10,139.350006,140.460007,137.729996,137.729996
2018-10-11,137.910004,138.660004,132.880005,133.839996
2018-10-12,134.399994,134.410004,132.229996,133.869995
2018-10-15,133.880005,135.300003,133.509995,133.949997
2018-10-16,134.75,137.990005,134.75,136.559998
2018-10-17,136.229996,140,136.210007,139.460007
2018-10-18,139.199997,139.809998,137.710007,139.5
2018-10-19,138.339996,140,137.910004,139.050003
2018-10-22,138.610001,139.259995,138.139999,138.679993
2018-10-23,137.789993,139.490005,137.449997,138.929993
2018-10-24,138.520004,140.110001,137.169998,137.470001
2018-10-25,137.460007,139.089996,135.050003,138.470001
2018-10-26,137.940002,139.300003,135.330002,136.970001
2018-10-29,136.990005,139.100006,136.220001,137.550003
2018-10-30,137.929993,141.100006,137,140.75
2018-10-31,141,141.429993,139.610001,139.990005
2018-11-1,140.070007,141.580002,139.850006,140.820007
2018-11-2,141.970001,142,139.660004,140.679993
2018-11-5,141,142.740005,139,142.199997
2018-11-6,141.529999,142.830002,141.059998,142.570007
2018-11-7,143.100006,144.869995,142.970001,144.75
2018-11-8,144.309998,145.789993,144,145.300003
2018-11-9,145.039993,145.740005,144.380005,145.339996
2018-11-12,144.990005,146.240005,144.729996,145.619995
2018-11-13,146.190002,146.75,143.419998,144.679993
2018-11-14,145.020004,145.309998,143.559998,144.25
2018-11-15,143.410004,144.509995,142.479996,144.5
2018-11-16,144.710007,146.740005,144.550003,145.990005
2018-11-19,146.429993,148.440002,146.369995,147.729996
2018-11-20,147.5,148.75,146.350006,146.449997
2018-11-21,146.229996,146.229996,140.779999,141.990005
2018-11-23,141.850006,142.729996,141.600006,142.229996
2018-11-26,142,142.050003,140.720001,141.369995
2018-11-27,140.570007,143.350006,139.660004,143.220001
2018-11-28,143.830002,146.559998,143.360001,146.440002
2018-11-29,145.619995,147.199997,144.839996,145.850006
2018-11-30,145.339996,147,145.100006,146.899994
2018-12-3,145.570007,146.630005,144.940002,146.210007
2018-12-4,146.320007,148.990005,145.820007,146.029999
2018-12-6,144.5,146.449997,142.789993,145.910004
2018-12-7,145.490005,147.339996,144.119995,145.429993
2018-12-10,145.389999,145.880005,142.380005,145.259995
2018-12-11,146.289993,148.210007,145.789993,146.5
2018-12-12,147,148.490005,147,147.100006
2018-12-13,146.960007,148.589996,146.800003,147.839996
2018-12-14,144.339996,145.380005,130.199997,133
2018-12-17,128.320007,131.649994,126.830002,129.139999
2018-12-18,132.050003,132.800003,129.199997,130.419998
2018-12-19,129.869995,131.350006,127.089996,127.610001
2018-12-20,127.720001,129.75,126.760002,128.270004
2018-12-21,127.800003,130.600006,127.120003,128.089996
2018-12-24,127.300003,128,121,122.839996
2018-12-26,123.419998,126.760002,122.010002,126.709999
2018-12-27,125.870003,127.410004,123.07,127.410004
2018-12-28,127.910004,128.75,126.75,127.269997
2018-12-31,128.179993,129.550003,127.419998,129.050003
2019-1-2,128.130005,128.380005,126.279999,127.75
2019-1-3,128.139999,128.270004,125.360001,125.720001
2019-1-4,127.120003,128.649994,126.730003,127.830002
2019-1-7,127.629997,128.350006,126.800003,127.010002
2019-1-8,128.179993,130.5,127.730003,129.960007
2019-1-9,129.830002,130.240005,128.330002,128.929993
2019-1-10,127.690002,129.889999,127.690002,129.710007
2019-1-11,129,129.839996,128.309998,129.75
2019-1-14,128.740005,128.960007,127.589996,128.279999
2019-1-15,128.520004,129.490005,127.650002,129.360001
2019-1-16,129.410004,129.410004,127.900002,128.039993
2019-1-17,127.709999,129.520004,127.459999,129.089996
2019-1-18,129.899994,131.179993,129.449997,130.690002
2019-1-22,128.199997,129.5,127.010002,128.800003
2019-1-23,128.5,129.300003,127.93,128.800003
2019-1-24,128.490005,128.699997,125,127.029999
2019-1-25,128.130005,128.449997,127.029999,128.229996
2019-1-28,127.809998,129.149994,127.290001,128.990005
2019-1-29,128.949997,130.470001,128.5,130.330002
2019-1-30,130.369995,132.190002,130.300003,131.639999
2019-1-31,131.630005,135.190002,130.869995,133.080002
2019-2-1,134.020004,134.690002,133.470001,134.199997
2019-2-4,133.960007,134.149994,132.210007,132.880005
2019-2-5,133.520004,133.880005,132.75,132.880005
2019-2-6,133.080002,133.570007,132.300003,133
2019-2-7,132.449997,132.639999,131.529999,132.050003
2019-2-8,131.949997,132.460007,131.539993,132.399994
2019-2-11,132.309998,132.669998,131.259995,132
2019-2-12,132.080002,134.300003,132.080002,134.160004
2019-2-13,134.070007,134.979996,133.210007,134.449997
2019-2-14,134.300003,134.820007,133.350006,134.309998
2019-2-15,135.190002,136.410004,135.009995,136.380005
2019-2-19,136.139999,136.380005,135.630005,135.690002
2019-2-20,135.970001,136.729996,135.729996,136.350006
2019-2-21,134.979996,135.789993,134.270004,135.419998
2019-2-22,135.289993,136.639999,134.820007,136.600006
2019-2-25,136.350006,137.490005,135.860001,136.199997
2019-2-26,136.440002,136.960007,136.050003,136.110001
2019-2-27,135.520004,136.25,135.389999,135.869995
2019-2-28,135.949997,137.949997,135.690002,136.639999
2019-3-1,137.220001,138.610001,137.009995,138.350006
2019-3-4,138.850006,139.410004,137.509995,138.479996
2019-3-5,138.809998,139.139999,138.360001,138.770004
2019-3-6,139.470001,139.649994,138.600006,139.089996
2019-3-7,138.529999,139.119995,137.699997,138.240005
2019-3-8,138.089996,139.300003,136.419998,138.059998
2019-3-11,138.110001,139.029999,137.520004,138.559998
2019-3-12,138.649994,140,138.5,139.179993
2019-3-13,139.589996,139.839996,139.020004,139.410004
2019-3-14,138.339996,138.800003,137.940002,138.020004
2019-3-15,138,138.259995,136.830002,137.600006
2019-3-18,137.649994,137.779999,136.720001,137.169998
2019-3-19,137.610001,138.820007,137.470001,138.440002
2019-3-20,138.330002,138.509995,136.649994,137.289993
2019-3-21,137,138.779999,136.949997,138.100006
2019-3-22,137.75,138.389999,136.860001,136.910004
2019-3-25,136.910004,137.009995,135.740005,136.610001
2019-3-26,136.929993,139.270004,136.929993,138.570007
2019-3-27,138.589996,139.479996,138.070007,138.699997
2019-3-28,139.059998,139.460007,138.710007,138.880005
2019-3-29,139.279999,139.880005,138.880005,139.789993
2019-4-1,139.990005,140.289993,138.740005,138.979996
2019-4-2,139.009995,139.009995,136.910004,137.710007
2019-4-3,138.199997,138.240005,136.869995,137.169998
2019-4-4,136.869995,137.009995,135.130005,135.570007
2019-4-5,136.039993,136.580002,135.699997,136.179993
2019-4-8,136.050003,136.509995,135.699997,136.139999
2019-4-9,136,136.259995,134.559998,135.570007
2019-4-10,135.889999,136.130005,135.330002,135.580002
2019-4-11,135.960007,136.179993,134.419998,135.210007
2019-4-12,135.220001,136.350006,134.75,135.979996
2019-4-15,136,136.789993,135.800003,136.520004
2019-4-16,138.320007,140.699997,137.559998,138.020004
2019-4-17,139,140.149994,137.669998,138.520004
2019-4-18,139.350006,140.240005,135.75,137.520004
2019-4-22,136.979996,138.490005,136.460007,137.830002
2019-4-23,137.419998,140.850006,137.25,139.899994
2019-4-24,139.649994,140.139999,138.860001,139.199997
2019-4-25,138.520004,139.770004,137.960007,139.649994
2019-4-26,139.880005,140.520004,139.309998,140.389999
2019-4-29,140.350006,140.429993,139.580002,139.839996
2019-4-30,140.190002,141.449997,138.960007,141.199997
2019-5-1,140.949997,142.350006,139.75,141.949997
2019-5-2,141.910004,142.149994,140.119995,141.279999
2019-5-3,141.289993,142.089996,141.080002,142.009995
2019-5-6,140.25,142.240005,139.929993,142.089996
2019-5-7,140.820007,141.380005,139.059998,139.970001
2019-5-8,140.199997,140.919998,139.699997,139.789993
2019-5-9,138.949997,139.320007,137.639999,138.729996
2019-5-10,138.429993,139.25,136.410004,139.050003
2019-5-13,137.850006,138.059998,136.529999,137.199997
2019-5-14,137.039993,137.839996,136.729996,136.820007
2019-5-15,136.899994,137.490005,135.330002,136.910004
2019-5-16,137.389999,139.190002,136.970001,138.210007
2019-5-17,137,139.029999,136.860001,138.610001
2019-5-20,138.610001,138.960007,137.679993,138.419998
2019-5-21,139.119995,139.570007,138.080002,138.119995
2019-5-22,138.350006,138.949997,137.490005,138.759995
2019-5-23,138.5,139.850006,137.669998,139.789993
2019-5-24,139.5,139.5,138.559998,138.850006
2019-5-28,139,140.490005,137.050003,137.070007
2019-5-29,135.889999,135.889999,128.520004,131.330002
2019-5-30,131.440002,132.820007,131.169998,132.110001
2019-5-31,131.520004,132,129.610001,131.149994
2019-6-3,131.5,132.399994,131.039993,131.440002
2019-6-4,132.600006,134.300003,132.580002,133.729996
2019-6-5,134.699997,135.130005,133.860001,134.380005
2019-6-6,134.899994,137.660004,134.589996,136.679993
2019-6-7,137.589996,139.589996,137.139999,138.550003
2019-6-10,138.600006,139.149994,137.600006,139.020004
2019-6-11,139.679993,140.660004,139.5,139.779999
2019-6-12,140.300003,142.910004,140.300003,141.679993
2019-6-13,141.720001,141.949997,140.210007,140.710007
2019-6-14,141.229996,141.490005,140.039993,140.089996
2019-6-17,140,140.240005,139.210007,139.440002
2019-6-18,140.559998,140.929993,139.789993,140.229996
2019-6-19,140.009995,140.970001,139.910004,140.449997
2019-6-20,141.25,142.399994,141,142.210007
2019-6-21,141.460007,142.429993,141.009995,142.089996
2019-6-24,142.419998,143.699997,142.089996,143.059998
2019-6-25,143.270004,144.979996,143.190002,144.240005
2019-6-26,143.850006,143.850006,140.759995,141.850006
2019-6-27,142.229996,142.5,140.600006,140.690002
2019-6-28,140.740005,141.100006,138.509995,139.279999
2019-7-1,140.199997,140.259995,138.720001,139.360001
2019-7-2,139.220001,140.029999,138.690002,140.029999
2019-7-3,141,142.179993,140.789993,142.139999
2019-7-5,141.740005,141.860001,140.369995,140.570007
2019-7-8,140.119995,141.080002,139.639999,140.970001
2019-7-9,141.460007,142.470001,140.910004,141.410004
2019-7-10,141.779999,141.990005,140.669998,141.210007
2019-7-11,140.940002,141.210007,139.020004,140.110001
2019-7-12,140.119995,140.119995,132.320007,134.300003
2019-7-15,135.389999,136.360001,134.449997,134.710007
2019-7-16,132.929993,133.830002,131.75,132.5
2019-7-17,132.490005,133.580002,131.410004,131.860001
2019-7-18,132.130005,132.509995,131.169998,132.070007
2019-7-19,132.25,132.389999,130.190002,130.309998
2019-7-22,130,130.149994,127.839996,128.639999
2019-7-23,128.610001,129.449997,128.160004,128.839996
2019-7-24,128.880005,129.789993,128.570007,129.779999
2019-7-25,130.059998,131.529999,129.669998,131.119995
2019-7-26,131.300003,131.300003,130.490005,130.729996
2019-7-29,131,133.309998,130.210007,133.020004
2019-7-30,132.470001,132.490005,131.270004,132.080002
2019-7-31,131.639999,132,130.179993,130.220001
2019-8-1,130.259995,130.740005,129.020004,130.289993
2019-8-2,130.860001,131.470001,129.770004,131.070007
2019-8-5,130.910004,131.460007,129.009995,130.160004
2019-8-6,130.339996,131.220001,129.589996,130.770004
2019-8-7,129.360001,130.910004,128.190002,130.210007
2019-8-8,130.979996,131.949997,130.229996,131.679993
2019-8-9,131.800003,132.759995,131.229996,132.039993
2019-8-12,131.5,132.699997,131.289993,131.929993
2019-8-13,132.300003,134.100006,132,133.419998
2019-8-14,132.529999,132.539993,130.130005,130.259995
2019-8-15,130.169998,131.070007,129.25,130.539993
2019-8-16,131.470001,131.669998,130.600006,131.360001
2019-8-19,132.5,132.570007,131.820007,132.25
2019-8-20,131.960007,132.660004,130.460007,130.600006
2019-8-21,131.699997,132.410004,130.850006,131.529999
2019-8-22,131.600006,132.130005,130.800003,131.270004
2019-8-23,131.070007,131.259995,127.129997,127.730003
2019-8-26,127.419998,128.080002,126.629997,127.800003
2019-8-27,129.880005,132.399994,129.100006,129.639999
2019-8-28,127.860001,128.869995,127.010002,128.679993
2019-8-29,128.839996,129.199997,126.830002,128.240005
2019-8-30,128.270004,129.100006,127.620003,128.360001
2019-9-3,127.989998,128.979996,127.510002,128.740005
2019-9-4,129.490005,129.589996,128.080002,128.860001
2019-9-5,129.899994,129.899994,128.309998,128.580002
2019-9-6,128.880005,129.229996,128.070007,128.210007
2019-9-9,128,128.160004,126.589996,126.949997
2019-9-10,127.339996,129.550003,126.339996,129.550003
2019-9-11,129.860001,131.279999,129.080002,131.169998
2019-9-12,131.360001,131.770004,130.059998,130.429993
2019-9-13,131.330002,131.570007,129.960007,130.779999
2019-9-16,130.110001,130.75,129.330002,129.539993
2019-9-17,129.600006,130.5,129.110001,129.669998
2019-9-18,129.899994,130.559998,128.779999,130.410004
2019-9-19,129.630005,131.190002,129.360001,130.110001
2019-9-20,131,132,130.289993,131.649994
2019-9-23,131.020004,132.050003,130.490005,131.740005
2019-9-24,132.100006,132.779999,131.339996,131.550003
2019-9-25,131.5,131.570007,130.229996,130.990005
2019-9-26,131.089996,131.309998,128.029999,128.850006
2019-9-27,128.610001,129.399994,126.699997,128.600006
2019-9-30,129.070007,130.279999,129,129.380005
2019-10-1,130.020004,130.800003,129.770004,129.990005
2019-10-2,132.759995,134.699997,131.220001,132
2019-10-3,131.639999,132.369995,130.009995,131.190002
2019-10-4,131.339996,133.720001,131.25,133.660004
2019-10-7,133.089996,133.820007,132.139999,133.160004
2019-10-8,132.449997,133.259995,131.490005,131.839996
2019-10-9,131.139999,131.25,128.520004,129.220001
2019-10-10,128.949997,130.119995,128.630005,129.059998
2019-10-11,131.139999,132.619995,130.820007,131.330002
2019-10-14,131.360001,131.360001,130.419998,130.720001
2019-10-15,133,134.25,132.100006,132.839996
2019-10-16,134.899994,136.589996,133.800003,135.169998
2019-10-17,135.960007,137.490005,135.649994,136.169998
2019-10-18,133.309998,134.389999,127.699997,127.699997
2019-10-21,128.669998,129.669998,127.059998,128.020004
2019-10-22,128.759995,130.539993,128.089996,129.199997
2019-10-23,129.660004,130.479996,129.070007,129.899994
2019-10-24,130.419998,130.580002,126.099998,127.5
2019-10-25,127.830002,129.100006,127.309998,128.350006
2019-10-28,128.619995,130,128.509995,129.179993
2019-10-29,129.699997,129.970001,128.559998,129.119995
2019-10-30,133.300003,133.529999,131.729996,132.839996
2019-10-31,132.380005,132.839996,130.889999,132.039993
2019-11-1,132.050003,133,131.139999,131.199997
2019-11-4,131.800003,131.949997,130.089996,130.229996
2019-11-5,130.529999,131.470001,129.679993,130.419998
2019-11-6,130.419998,131.479996,129.699997,130.960007
2019-11-7,131.729996,132.380005,131.009995,131.429993
2019-11-8,131.300003,133.039993,130.970001,133
2019-11-11,132.270004,132.520004,131.330002,131.979996
2019-11-12,132,132.089996,131.020004,131.350006
2019-11-13,131.039993,131.490005,130.720001,131.270004
2019-11-14,131.029999,131.360001,130.139999,130.960007
2019-11-15,131.25,134.970001,130.779999,134.940002
2019-11-18,134.220001,135.690002,132.660004,134.830002
2019-11-19,135,135.190002,134.210007,134.820007
2019-11-20,135.110001,136.339996,134.070007,135.940002
2019-11-21,135.940002,136.850006,135,136.440002
2019-11-22,136.649994,138.630005,136.5,138.070007
2019-11-25,137.059998,137.649994,136.240005,137.179993
2019-11-26,136.470001,137.339996,135.149994,137.169998
2019-11-27,137.160004,138.25,136.899994,137.75
2019-11-29,137.600006,138.270004,136.940002,137.490005
2019-12-2,137.720001,137.850006,136.850006,137.360001
2019-12-3,136.910004,137.449997,136.160004,137.160004
2019-12-4,138.5,139.740005,138.039993,139.380005
2019-12-5,139.350006,139.75,137.949997,139.559998
2019-12-6,139.460007,141.580002,139.460007,140.380005
2019-12-9,140.389999,140.809998,140.059998,140.5
2019-12-10,140.800003,141,139.910004,139.990005
2019-12-11,140.929993,141.979996,140.630005,140.979996
2019-12-12,141.320007,142.059998,140.729996,141.339996
2019-12-13,141.100006,141.800003,140.309998,141.380005
2019-12-16,141.729996,142.850006,141.490005,141.789993
2019-12-17,143,144.050003,142.520004,143.559998
2019-12-18,143.720001,143.880005,142.740005,143.190002
2019-12-19,143.889999,145.880005,143.610001,145.350006
2019-12-20,146.880005,147.839996,144.800003,146.059998
2019-12-23,145.740005,146.759995,145.339996,146.440002
2019-12-24,146,146.009995,145.259995,145.929993
2019-12-26,145.970001,146.179993,145.160004,145.830002
2019-12-27,146.199997,146.550003,145.539993,145.75
2019-12-30,145.779999,146.199997,145.029999,145.300003
2019-12-31,145.100006,146.009995,144.779999,145.869995
2020-1-2,145.869995,146.020004,145.080002,145.970001
2020-1-3,143.5,145.369995,143,144.279999
2020-1-6,144,144.199997,142.850006,144.100006
2020-1-7,144.009995,145.449997,141.380005,144.979996
2020-1-8,144.869995,145.979996,143.699997,144.960007
2020-1-9,145.759995,146.029999,144.990005,145.389999
2020-1-10,145.75,146.179993,144.899994,145.059998
2020-1-13,145.479996,145.789993,144.720001,145.699997
2020-1-14,145.050003,146.610001,144.729996,146.520004
2020-1-15,146.399994,147.399994,146.240005,147.009995
2020-1-16,147.419998,148.839996,146.199997,148.199997
2020-1-17,148.410004,149.410004,147.929993,149.169998
2020-1-21,148.580002,150.169998,148.5,149.270004
2020-1-22,146.699997,149.179993,146,148.25
2020-1-23,148.039993,148.770004,146.759995,148.529999
2020-1-24,148.580002,148.949997,147.929993,148.320007
2020-1-27,147.520004,149.460007,147,148.75
2020-1-28,148.460007,150.570007,148.149994,149.5
2020-1-29,149.449997,151.190002,149.130005,150.539993
2020-1-30,150.029999,150.509995,149.050003,150.360001
2020-1-31,149.75,150,148.639999,148.869995
2020-2-3,149.419998,150.490005,149.240005,150.169998
2020-2-4,151.490005,152.75,151.199997,151.600006
2020-2-5,151.720001,154.020004,151.309998,153.990005
2020-2-6,154.25,154.5,152.740005,153.529999
2020-2-7,153.339996,153.460007,151.550003,151.889999
2020-2-10,151.679993,151.910004,150.889999,151.860001
2020-2-11,152.289993,152.380005,151.539993,151.990005
2020-2-12,151.869995,152.149994,150.919998,151.089996
2020-2-13,150.160004,151.039993,149.880005,150.089996
2020-2-14,150.559998,150.639999,149.149994,150.130005
2020-2-18,150.470001,150.740005,149.059998,149.139999
2020-2-19,149.210007,149.759995,148.580002,148.940002
2020-2-20,148.610001,149.380005,147.399994,148.369995
2020-2-21,148.089996,150.240005,147.539993,149.929993
2020-2-24,146.5,149,145.25,145.910004
2020-2-25,145.990005,146.75,143.830002,144.649994
2020-2-26,145.350006,146.220001,143.589996,143.679993
2020-2-27,142.559998,144.770004,138.949997,139.119995
2020-2-28,135.360001,137.289993,130.820007,134.479996
2020-3-2,134.779999,140.130005,134.009995,140.020004
2020-3-3,140,140.990005,133.100006,135.589996
2020-3-4,137.679993,143.639999,137.139999,143.479996
2020-3-5,140.800003,142.679993,139.839996,142.009995
2020-3-6,138.479996,143.009995,137.410004,142.029999
2020-3-9,136.330002,139.679993,134.899994,136.440002
2020-3-10,139.970001,141.949997,134.229996,141.639999
2020-3-11,138.089996,138.75,131.5,131.800003
2020-3-12,127.309998,133.759995,124.5,125.410004
2020-3-13,129.320007,134.919998,124.650002,134.289993
2020-3-16,123.57,133.759995,122.43,127.129997
2020-3-17,128.550003,136.770004,127.809998,136.589996
2020-3-18,131.020004,135.669998,128.710007,134.960007
2020-3-19,134.990005,134.990005,126.150002,127.050003
2020-3-20,126.830002,127.440002,118.129997,119.889999
2020-3-23,117,118.559998,109.160004,111.139999
2020-3-24,118.760002,119.650002,113.860001,119.18
2020-3-25,118.910004,123.959999,116.699997,119.400002
2020-3-26,120.57,127.099998,120.379997,126.57
2020-3-27,121.650002,127.620003,120.580002,123.160004
2020-3-30,128.460007,133.990005,127.5,133.009995
2020-3-31,134.990005,135.710007,130.050003,131.130005
2020-4-1,127.699997,130.229996,125.5,128.809998
2020-4-2,129.119995,134,127.220001,133.149994
2020-4-3,132.380005,134.789993,131.580002,134.169998
2020-4-6,137.009995,140.970001,135.539993,139.759995
2020-4-7,139.860001,142.029999,137.259995,137.479996
2020-4-8,137.75,144.130005,137.300003,143.259995
2020-4-9,144.009995,145.419998,140.279999,141.229996
2020-4-13,140,141.490005,137.839996,139.770004
2020-4-14,145.419998,147.419998,144.050003,146.029999
2020-4-15,145.550003,147.910004,143.539993,147.660004
2020-4-16,148.309998,150.679993,146.440002,149.669998
2020-4-17,151.990005,152.300003,149.600006,152.020004
2020-4-20,150.929993,153,150.089996,151.669998
2020-4-21,150.119995,151.639999,148.570007,149.679993
2020-4-22,152.809998,155,151.729996,152.990005
2020-4-23,154.25,157,153.699997,155.509995
2020-4-24,155.570007,156.300003,153.639999,154.860001
2020-4-27,154.809998,156.050003,154,154.289993
2020-4-28,151.25,153.100006,150.699997,151.389999
2020-4-29,151.380005,151.630005,149.160004,150.240005
2020-4-30,148.460007,150.429993,147.160004,150.039993
2020-5-1,149.619995,149.669998,146.789993,148.289993
2020-5-4,148.770004,149.080002,147.089996,148.270004
2020-5-5,149,150.779999,148.639999,149.5
2020-5-6,150,150.320007,148.039993,148.080002
2020-5-7,149.369995,149.529999,147.130005,147.589996
2020-5-8,148.919998,149.179993,147.889999,148.699997
2020-5-11,148.449997,150.100006,148.119995,149.110001
2020-5-12,150.100006,150.339996,147.029999,147.139999
2020-5-13,146.080002,148.949997,146.009995,147.130005
2020-5-14,145.389999,147.759995,144.259995,147.639999
2020-5-15,147.869995,150.479996,145.660004,150.440002
2020-5-18,152.490005,153.619995,150.460007,150.520004
2020-5-19,150.100006,151.100006,148.399994,149.020004
2020-5-20,149.75,150.389999,147.270004,147.679993
2020-5-21,148.5,148.5,145.820007,146.710007
2020-5-22,144.570007,146.289993,144.059998,144.369995
2020-5-26,146.190002,146.440002,144.300003,144.559998
2020-5-27,144.320007,145.25,143.009995,144.889999
2020-5-28,146.020004,148.110001,145.809998,146.970001
2020-5-29,147.960007,149.350006,145.330002,148.75
2020-6-1,147.289993,148.339996,146.009995,147.190002
2020-6-2,147.059998,148.350006,146.119995,148.25
2020-6-3,148.520004,149.139999,146.449997,148.649994
2020-6-4,146.800003,148.369995,145.580002,146.729996
2020-6-5,147.690002,149.639999,146.600006,147.300003
2020-6-8,145.880005,147.610001,145.740005,146.770004
2020-6-9,148.25,149.330002,145.649994,145.960007
2020-6-10,146.600006,150.029999,146.600006,147.800003
2020-6-11,148.580002,149.169998,140.75,140.869995
2020-6-12,142.839996,143.710007,140.279999,142.149994
2020-6-15,141,142.399994,139.389999,141.25
2020-6-16,144.089996,145.419998,142.770004,144.460007
2020-6-17,144.899994,145.419998,143.470001,144.020004
2020-6-18,142.520004,144.119995,141.869995,143.410004
2020-6-19,145.789993,145.880005,143.25,143.830002
2020-6-22,143.470001,143.660004,142.029999,143.389999
2020-6-23,143.740005,144.080002,142.679993,142.860001
2020-6-24,141.490005,142.190002,138.720001,139.820007
2020-6-25,140.570007,140.570007,137.539993,139.669998
2020-6-26,139.529999,139.600006,137.020004,137.809998
2020-6-29,138.740005,139.699997,137.979996,139.039993
2020-6-30,139.399994,141.020004,137.839996,140.630005
2020-7-1,140.690002,141.389999,140.059998,140.380005
2020-7-2,141.25,141.839996,140.330002,140.970001
2020-7-6,142.169998,143.770004,141.880005,142.979996
2020-7-7,141.389999,143.970001,141.229996,142.850006
2020-7-8,142.869995,143.389999,141.699997,143.270004
2020-7-9,142.759995,144.429993,140.580002,142.490005
2020-7-10,142.75,142.869995,141.429993,142.369995
2020-7-13,143.610001,146.639999,143.279999,145.210007
2020-7-14,145.320007,148.389999,145.259995,147.919998
2020-7-15,149.729996,150.210007,148.229996,148.259995
2020-7-16,148.679993,149.339996,146.679993,149.25
2020-7-17,150,150.580002,148.690002,149.350006
2020-7-20,150.229996,150.320007,148.429993,149.600006
2020-7-21,149.600006,151.669998,149.5,149.740005
2020-7-22,149.929993,150.410004,147.850006,150.009995
2020-7-23,150.210007,150.850006,149.279999,149.610001
2020-7-24,150.5,150.600006,147.029999,148.119995
2020-7-27,147.369995,148.919998,146.860001,147.179993
2020-7-28,147.399994,147.990005,146.75,146.830002
2020-7-29,146.389999,147.470001,146.070007,146.539993
2020-7-30,147.440002,147.5,146.139999,146.839996
2020-7-31,146.660004,147.449997,143.960007,145.759995
2020-8-3,146.389999,147.789993,146.149994,147.350006
2020-8-4,146.990005,147.220001,145.820007,147.220001
2020-8-5,149.100006,149.309998,147.800003,148.399994
2020-8-6,148.399994,149.25,146.5,147.550003
2020-8-7,147.509995,148.649994,147.149994,148.600006
2020-8-10,148.860001,149.009995,147.720001,148.029999
2020-8-11,149.139999,149.229996,146.369995,146.970001
2020-8-12,147.539993,150.240005,147.490005,149.660004
2020-8-13,148.539993,149.190002,147.529999,148
2020-8-14,147.610001,149.339996,147.580002,148.240005
2020-8-17,148.320007,150.229996,148.229996,148.990005
2020-8-18,149.259995,150.100006,148.570007,150.089996
2020-8-19,149.580002,151.580002,149.320007,150.389999
2020-8-20,149.75,151.580002,149.550003,151.419998
2020-8-21,151.779999,153.649994,150.589996,152.759995
2020-8-24,152.740005,152.899994,150.350006,152.149994
2020-8-25,152.779999,153.070007,151.539993,152.059998
2020-8-26,151.860001,152.649994,150.639999,152.300003
2020-8-27,152.419998,153.259995,151.889999,152.979996
2020-8-28,152.740005,153.699997,151.899994,153.639999
2020-8-31,153,154.399994,152.259995,153.410004
2020-9-1,153.869995,154.080002,150.070007,151.520004
2020-9-2,150.789993,154.330002,149.25,153.830002
2020-9-3,154.830002,155.470001,148.300003,149.550003
2020-9-4,150.169998,150.949997,147.130005,148.589996
2020-9-8,150.25,150.889999,146.899994,147.259995
2020-9-9,148.149994,151.100006,148.119995,149.699997
2020-9-10,149.25,149.779999,146.520004,146.910004
2020-9-11,147.050003,148.529999,146.630005,147.779999
2020-9-14,148.119995,149.470001,148.009995,148.350006
2020-9-15,149.449997,150.589996,148.520004,148.889999
2020-9-16,149.389999,150.059998,148.350006,148.399994
2020-9-17,148.039993,148.630005,146.050003,147.169998
2020-9-18,146.509995,149.649994,146.199997,149.179993
2020-9-21,147.580002,147.929993,142.960007,145.100006
2020-9-22,144.690002,145.350006,143.720001,144.210007
2020-9-23,147.479996,147.550003,144.380005,144.440002
2020-9-24,144.559998,145.25,143.339996,144.669998
2020-9-25,144,146.25,143.889999,145.660004
2020-9-28,146.729996,148.289993,146.419998,147.110001
2020-9-29,147.600006,147.919998,146.059998,147.059998
2020-9-30,147.449997,149.729996,146.839996,148.880005
2020-10-1,149.309998,149.649994,146.460007,147.320007
2020-10-2,146.210007,148.410004,145.830002,146.240005
2020-10-5,147,148.380005,146.419998,148.229996
2020-10-6,148.279999,148.610001,145.869995,146.259995
2020-10-7,146.490005,148.229996,145.809998,147.880005
2020-10-8,148.5,149.850006,148.039993,148.889999
2020-10-9,149.649994,151.479996,149.449997,150.970001
2020-10-12,151.600006,153.139999,151.020004,151.839996
2020-10-13,149,150.119995,147.770004,148.360001
2020-10-14,148.820007,149.029999,147.389999,148.100006
2020-10-15,147.479996,147.899994,146.330002,147.190002
2020-10-16,147.600006,148.759995,147.009995,148.100006
2020-10-19,148.529999,148.899994,144.130005,144.320007
2020-10-20,144.660004,145.75,144.119995,144.550003
2020-10-21,144.119995,145.339996,143.910004,143.929993
2020-10-22,144.160004,145.690002,143.839996,145.080002
2020-10-23,145.880005,147.470001,144.350006,145.240005
2020-10-26,144.429993,144.770004,142.75,143.970001
2020-10-27,143.740005,144.289993,142.919998,143.149994
2020-10-28,141.429993,141.979996,138.179993,138.360001
2020-10-29,138,138.699997,136.050003,137.190002
2020-10-30,136.679993,137.539993,133.649994,137.110001
2020-11-2,138.979996,139.009995,137.490005,138.690002
2020-11-3,140.020004,140.960007,137.779999,138.5
2020-11-4,139.490005,142.539993,138.699997,139.399994
2020-11-5,140.550003,141.830002,139.259995,139.759995
2020-11-6,140.399994,143.190002,139.649994,142.25
2020-11-9,148.429993,148.990005,144.919998,146.080002
2020-11-10,147.25,148.75,146.259995,148.279999
2020-11-11,149.169998,149.199997,146.860001,147.800003
2020-11-12,147.610001,148.649994,146.75,148.300003
2020-11-13,149.089996,150.410004,148.410004,149.899994
2020-11-16,150.919998,151.300003,149.800003,150.850006
2020-11-17,150,150.630005,149.119995,149.350006
2020-11-18,148.869995,149.759995,147.369995,147.369995
2020-11-19,147.300003,147.460007,145.589996,147.139999
2020-11-20,147.050003,147.940002,146.130005,146.360001
2020-11-23,146.009995,146.009995,143.039993,143.869995
2020-11-24,144,144.759995,143.610001,143.869995
2020-11-25,144.059998,144.169998,142.860001,143.679993
2020-11-27,144.5,144.660004,143.220001,144
2020-11-30,144.229996,144.860001,143.059998,144.679993
2020-12-1,146.289993,149.130005,145.860001,147.449997
2020-12-2,147.850006,149.710007,147.699997,148.139999
2020-12-3,148.039993,149.580002,147.690002,149
2020-12-4,149.789993,150.309998,149.270004,150.270004
2020-12-7,149.350006,149.910004,148.509995,148.970001
2020-12-8,150,152.139999,149.550003,151.550003
2020-12-9,152.830002,153.5,151.759995,153.100006
2020-12-10,152.820007,152.979996,151.679993,152.25
2020-12-11,151.529999,153.410004,151.229996,152.949997
2020-12-14,153.25,153.479996,148.990005,149.070007
2020-12-15,150,150.75,149.529999,150.570007
2020-12-16,150.199997,150.919998,149.550003,149.669998
2020-12-17,150.089996,153.889999,149.960007,153.619995
2020-12-18,153.649994,155.100006,151.669998,154.509995
2020-12-21,152.009995,153.410004,150.050003,153.020004
2020-12-22,152.399994,153.899994,151.860001,152.720001
2020-12-23,152.800003,153.600006,151.899994,151.940002
2020-12-24,151.850006,153.039993,151.820007,152.470001
2020-12-28,153.320007,153.869995,152.300003,153.190002
2020-12-29,154.110001,154.929993,153.800003,154.139999
2020-12-30,154.740005,156.380005,154.600006,156.050003
2020-12-31,156.529999,157.660004,155.110001,157.380005
2021-1-4,157.240005,157.380005,154.130005,156.5
2021-1-5,156.25,158.759995,155.070007,158.339996
2021-1-6,157.240005,160.229996,156.720001,159.830002
2021-1-7,159,161.029999,158.350006,160.369995
2021-1-8,160.509995,161.100006,159.880005,160.039993
2021-1-11,160.559998,161.320007,158.770004,159.369995
2021-1-12,159.149994,159.660004,157.330002,158.130005
2021-1-13,158.229996,158.460007,156.75,157.889999
2021-1-14,160.449997,161.949997,159.610001,160.649994
2021-1-15,160.300003,161.410004,159.110001,160.300003
2021-1-19,162,163.039993,161.100006,162.779999
2021-1-20,163.199997,164.139999,161.800003,162.380005
2021-1-21,161.320007,162.479996,160.059998,161.729996
2021-1-22,162.360001,165.160004,161.869995,163.550003
2021-1-25,165.009995,166.089996,163.660004,165.979996
2021-1-26,169.699997,173.649994,169.389999,170.479996
2021-1-27,169.119995,170.919998,167.449997,167.880005
2021-1-28,168.199997,170.860001,167.800003,169.160004
2021-1-29,164.259995,166,160.550003,163.130005
2021-2-1,165.309998,165.309998,162.600006,162.710007
2021-2-2,163.380005,163.660004,161.179993,161.25
2021-2-3,160.940002,161.520004,159.570007,160.5
2021-2-4,161,162.089996,159.759995,161.990005
2021-2-5,164.860001,165.440002,163.860001,164.449997
2021-2-8,165.029999,165.919998,163.880005,164.919998
2021-2-9,165.199997,166.589996,164.970001,166.270004
2021-2-10,167.889999,167.940002,165.699997,166.809998
2021-2-11,167,167.380005,165.600006,166.059998
2021-2-12,164.399994,166.850006,164,166.580002
2021-2-16,166.580002,167.050003,164.639999,165.070007
2021-2-17,164.970001,166.089996,164.360001,165.660004
2021-2-18,164.960007,166.160004,164.300003,165.740005
2021-2-19,165.600006,165.960007,162.910004,162.979996
2021-2-22,161.869995,162.539993,160.289993,161.869995
2021-2-23,161.479996,163.190002,160.399994,160.440002
2021-2-24,162.399994,164.389999,160.919998,162.589996
2021-2-25,163.130005,163.699997,161.990005,162.759995
2021-2-26,162,162.410004,157.970001,158.460007
2021-3-1,161.449997,161.529999,159.089996,159.320007
2021-3-2,159.779999,160.779999,158.600006,159.020004
2021-3-3,158.25,158.899994,156.059998,156.220001
2021-3-4,155.990005,156.100006,151.470001,153.070007
2021-3-5,153.979996,156.690002,153.130005,156.100006
2021-3-8,157,159.330002,155.979996,157.399994
2021-3-9,156.889999,160.75,156.889999,157.699997
2021-3-10,158.820007,159.899994,157.360001,159.149994
2021-3-11,159.539993,160.630005,158.919998,159.139999
2021-3-12,159.279999,160.309998,159.190002,159.600006
2021-3-15,159.75,160.660004,158.5,160.419998
2021-3-16,160.460007,161.679993,160.240005,161.369995
2021-3-17,160.830002,161.729996,159.529999,160.770004
2021-3-18,160.210007,161.490005,159.960007,160.470001
2021-3-19,160.690002,161.5,159.470001,160.039993
2021-3-22,158.309998,160.649994,158,160.5
2021-3-23,160.210007,161.199997,158.880005,160.350006
2021-3-24,160.100006,162.479996,159.820007,161.910004
2021-3-25,162.440002,162.449997,160.639999,161.970001
2021-3-26,162.089996,165.100006,161.380005,164.929993
2021-3-29,163.830002,167.029999,163.630005,166.039993
2021-3-30,165.020004,165.660004,164.229996,165.009995
2021-3-31,164.960007,165.389999,163.699997,164.350006
2021-4-1,162.600006,163.839996,162.259995,162.830002
2021-4-5,163.639999,164.75,162.660004,163.429993
2021-4-6,164.080002,164.520004,163,163.389999
2021-4-7,163.550003,164.279999,163.320007,163.610001
2021-4-8,164,164.110001,162.850006,162.970001
2021-4-9,162.119995,162.929993,159.779999,161.25
2021-4-12,161.089996,162.080002,160.339996,161.639999
2021-4-13,156.860001,159.929993,156.529999,159.479996
2021-4-14,157.830002,160.110001,157.539993,159.919998
2021-4-15,160.720001,162.389999,160.229996,160.389999
2021-4-16,161.339996,162.509995,160.559998,162.240005
2021-4-19,162.5,163.110001,160.839996,162.690002
2021-4-20,161,167.789993,161,166.479996
2021-4-21,166.369995,166.910004,165.289993,166.589996
2021-4-22,165.839996,166.279999,164.619995,165.179993
2021-4-23,164.529999,166.059998,164,165.520004
2021-4-26,165.210007,165.410004,163.759995,164.119995
2021-4-27,163.759995,163.910004,162.470001,163.179993
2021-4-28,162.860001,163.199997,161.649994,161.979996
2021-4-29,161.899994,164.259995,161.809998,164.199997
2021-4-30,164.149994,164.330002,162.520004,162.729996
2021-5-3,163.600006,165.320007,163.119995,165.210007
2021-5-4,164.830002,167.850006,164.669998,167.770004
2021-5-5,167.5,168.399994,166.789993,167.070007
2021-5-6,166.789993,167.889999,166.240005,167.740005
2021-5-7,168.300003,169.179993,167.830002,168.5
2021-5-10,169.899994,171.529999,169.229996,170.270004
2021-5-11,170.649994,170.869995,168.279999,168.880005
2021-5-12,168.539993,169.800003,167.949997,168.199997
2021-5-13,166.970001,170.699997,166.970001,169.960007
2021-5-14,171.479996,171.610001,170.169998,170.220001
2021-5-17,170.399994,171.889999,170.309998,170.389999
2021-5-18,169.979996,171.369995,169.529999,170.449997
2021-5-19,169.910004,170.160004,168.039993,170.080002
2021-5-20,169.940002,171.589996,169.690002,171.070007
2021-5-21,171.330002,172.740005,170.869995,170.960007
2021-5-24,170.899994,171.350006,169.770004,170.550003
2021-5-25,170.669998,171.029999,169.740005,170.080002
2021-5-26,170,170.080002,168.279999,169.070007
2021-5-27,169.259995,170.169998,168.380005,168.809998
2021-5-28,169.520004,171.009995,169.169998,169.25
2021-6-1,170.149994,170.199997,165.380005,165.529999
2021-6-2,165.300003,166.729996,165.110001,166.199997
2021-6-3,165.889999,167.149994,165.710007,166.039993
2021-6-4,167.009995,167.570007,165.869995,165.970001
2021-6-7,166,166.320007,164.630005,164.839996
2021-6-8,165.279999,165.660004,162.070007,163.389999
2021-6-9,163.990005,165.779999,163.660004,165.589996
2021-6-10,166,167.580002,165.949997,167.080002
2021-6-11,167.070007,167.080002,164.220001,164.960007
2021-6-14,164.5,165.460007,163.899994,165.369995
2021-6-15,165.229996,165.860001,164.389999,164.490005
2021-6-16,164.800003,165.75,163.479996,164.429993
2021-6-17,164.190002,165.699997,163.5,165.220001
2021-6-18,163.270004,164.190002,161.789993,161.979996
2021-6-21,162.770004,164.259995,162.25,163.839996
2021-6-22,163.710007,164.039993,163.279999,163.619995
2021-6-23,163.690002,163.690002,162.479996,162.630005
2021-6-24,163.270004,164.199997,162.800003,163.369995
2021-6-25,162.940002,164.779999,162.889999,164.210007
2021-6-28,164.440002,165.070007,163.520004,164.020004
2021-6-29,164,164.639999,163.410004,164.029999
2021-6-30,164,164.970001,163.669998,164.740005
2021-7-1,164.740005,166.009995,164.630005,165.960007
2021-7-2,166.020004,169.300003,165.639999,168.979996
2021-7-6,167.910004,168.860001,166.990005,167.970001
2021-7-7,167.479996,169.5,167.479996,169.410004
2021-7-8,168.699997,169.460007,167.580002,169.080002
2021-7-9,169.369995,170.369995,169.240005,169.75
2021-7-12,169.729996,171.179993,168.539993,169.479996
2021-7-13,168.970001,169.759995,168.669998,169.270004
2021-7-14,170,170.830002,169.039993,170.419998
2021-7-15,169.300003,169.899994,167.720001,168.369995
2021-7-16,168.339996,169.089996,167.949997,168.100006
2021-7-19,166.479996,168.190002,165.320007,166.880005
2021-7-20,166.899994,170.809998,166.839996,168.449997
2021-7-21,169.300003,169.690002,167.479996,169.490005
2021-7-22,169.360001,171.070007,168.649994,169.979996
2021-7-23,171,172.179993,170.380005,171.789993
2021-7-26,171.820007,172.139999,170.860001,171.869995
2021-7-27,171.800003,172.720001,170.669998,172.660004
2021-7-28,172.729996,173.380005,172.080002,172.179993
2021-7-29,172.740005,173.339996,171.089996,172.179993
2021-7-30,172.539993,172.979996,171.839996,172.199997
2021-8-2,172.470001,172.839996,171.300003,172.270004
2021-8-3,172.729996,174.5,172.440002,174.389999
2021-8-4,174.199997,174.589996,173.259995,173.360001
2021-8-5,173.850006,173.850006,172.419998,173.690002
2021-8-6,173.940002,173.940002,172.449997,173.110001
2021-8-9,173.720001,174.25,172.929993,173.710007
2021-8-10,173.259995,174.110001,172.779999,173.770004
2021-8-11,174.25,174.470001,173.559998,173.800003
2021-8-12,173.820007,175.289993,173.589996,175.199997
2021-8-13,175.289993,176.289993,175.119995,176.25
2021-8-16,176.550003,177.889999,175.949997,177.839996
2021-8-17,177.309998,179.509995,177.309998,179.470001
2021-8-18,179.5,179.5,177.130005,177.190002
2021-8-19,176.619995,179.330002,176.070007,178.570007
2021-8-20,178.889999,179.919998,178.070007,179.440002
2021-8-23,178.389999,178.929993,177.539993,177.610001
2021-8-24,176.990005,177.210007,175.279999,175.389999
2021-8-25,175.690002,175.899994,173.889999,174.229996
2021-8-26,173.949997,174.720001,173.050003,173.300003
2021-8-27,174.279999,174.279999,172.75,172.929993
2021-8-30,172.789993,174.279999,172.779999,173.660004
2021-8-31,173.490005,174.490005,172.479996,173.130005
2021-9-1,172.899994,173.740005,172.059998,173.740005
2021-9-2,174.339996,175.190002,173.910004,174.929993
2021-9-3,175.100006,175.220001,173.809998,175.039993
2021-9-7,174.350006,175.029999,171.669998,172.320007
2021-9-8,171.619995,172.979996,171.080002,171.899994
2021-9-9,171.190002,171.479996,167.699997,168.070007
2021-9-10,168.550003,169.089996,166.869995,166.970001
2021-9-13,167.919998,168.119995,165.130005,165.800003
2021-9-14,166.399994,166.539993,164.509995,164.800003
2021-9-15,165,165.960007,164.309998,165.419998
2021-9-16,165.649994,166.460007,164.190002,165.220001
2021-9-17,164.300003,164.910004,163.559998,164.75
2021-9-20,163.479996,165.169998,162.169998,163.809998
2021-9-21,164.610001,165.979996,164.240005,164.529999
2021-9-22,165.350006,165.949997,163.630005,163.929993
2021-9-23,164.399994,165.770004,164.149994,164.860001
2021-9-24,164.75,165.649994,163.889999,164.360001
2021-9-27,164,164.360001,162.850006,163.169998
2021-9-28,163.100006,163.910004,161.770004,162.809998
2021-9-29,163,164.660004,162.779999,164.020004
2021-9-30,164.639999,165.399994,161.410004,161.5
2021-10-1,161.529999,161.899994,158.619995,160.470001
